Name,Password,UserID
Alex,alex123,C001
Jordan,jordan@123,C002
Taylor,taylor2024,C003
Casey,casey321,C004
Morgan,morgan@456,C005
Drew,drew123,C006
Riley,riley@99,C007
Quinn,quinn321,C008
Jamie,jamie123,C009
Logan,logan@456,C010
Avery,avery123,C011
Parker,parker2024,C012
Reese,reese@321,C013
Blake,blake123,C014
Hayden,hayden@456,C015
Cameron,cameron2023,C016
Rowan,rowan@111,C017
Elliot,elliot123,C018
Skyler,skyler@222,C019
Dakota,dakota2024,C020
Charlie,charlie123,C021
Finley,finley321,C022
Emerson,emerson@2023,C023
Sawyer,sawyer123,C024
Phoenix,phoenix@456,C025
Hunter,hunter2024,C026
Spencer,spencer@789,C027
Ashton,ashton123,C028
Kendall,kendall@321,C029
Corey,corey2023,C030
Admin1,admin123,A001
Admin2,root@123,A002
Admin3,admin321,A003
Admin4,root321,A004
Admin5,admin@456,A005
Admin6,adminpass,A006
Admin7,rootpass,A007
Admin8,admin@789,A008
Admin9,root@456,A009
Admin10,admin000,A010
Bailey,bailey123,C031
Peyton,peyton2024,C032
Alden,alden@456,C033
Brett,brett123,C034
Colin,colin@789,C035
Dylan,dylan2023,C036
Evan,evan123,C037
Felix,felix@456,C038
Gavin,gavin2024,C039
Hugo,hugo@321,C040
Ian,ian123,C041
Jonah,jonah@456,C042
Kyle,kyle2023,C043
Liam,liam@789,C044
Miles,miles123,C045
Noah,noah@456,C046
Owen,owen2024,C047
Paul,paul@321,C048
Ryan,ryan123,C049
Sean,sean@456,C050